{"cameraMode":{"drawMode":0,"name":"Shaded","section":"Shading Mode"},"sceneLighting":false,"audioPlay":false,"sceneViewState":{"showFog":true,"showMaterialUpdate":false,"showSkybox":true,"showFlares":true,"showImageEffects":true,"showParticleSystems":true},"in2DMode":false,"pivot":{"x":-2.8058300018310549,"y":1.4463047981262208,"z":3.604889392852783},"rotation":{"x":-0.09033636748790741,"y":0.7927515506744385,"z":-0.12128057330846787,"w":-0.5904874205589294},"size":10.0,"orthographic":false}