{"cameraMode":{"drawMode":0,"name":"Shaded","section":"Shading Mode"},"sceneLighting":false,"audioPlay":false,"sceneViewState":{"showFog":true,"showMaterialUpdate":false,"showSkybox":true,"showFlares":true,"showImageEffects":true,"showParticleSystems":true},"in2DMode":false,"pivot":{"x":-1.3979500532150269,"y":-2.7686715126037599,"z":-0.04844820499420166},"rotation":{"x":-0.5137177109718323,"y":-0.41547489166259768,"z":0.31278154253959658,"w":-0.6823800802230835},"size":8.021003723144532,"orthographic":false}