{"cameraMode":{"drawMode":0,"name":"Shaded","section":"Shading Mode"},"sceneLighting":false,"audioPlay":false,"sceneViewState":{"showFog":true,"showMaterialUpdate":false,"showSkybox":true,"showFlares":true,"showImageEffects":true,"showParticleSystems":true},"in2DMode":false,"pivot":{"x":1.8930001258850098,"y":2.4539999961853029,"z":2.885000228881836},"rotation":{"x":-0.055005744099617007,"y":-0.6803744435310364,"z":0.05133809149265289,"w":-0.7289921045303345},"size":1.6567083597183228,"orthographic":false}