{"cameraMode":{"drawMode":0,"name":"Shaded","section":"Shading Mode"},"sceneLighting":false,"audioPlay":false,"sceneViewState":{"showFog":true,"showMaterialUpdate":false,"showSkybox":true,"showFlares":true,"showImageEffects":true,"showParticleSystems":true},"in2DMode":false,"pivot":{"x":-20.36427879333496,"y":4.119382381439209,"z":-8.179117202758789},"rotation":{"x":-0.010406707413494587,"y":-0.8084200024604797,"z":-0.014300397597253323,"w":0.5883403420448303},"size":29.916919708251954,"orthographic":false}