{"cameraMode":{"drawMode":0,"name":"Shaded","section":"Shading Mode"},"sceneLighting":false,"audioPlay":false,"sceneViewState":{"showFog":true,"showMaterialUpdate":false,"showSkybox":true,"showFlares":true,"showImageEffects":true,"showParticleSystems":true},"in2DMode":false,"pivot":{"x":-157.76576232910157,"y":-22.21659278869629,"z":-2.115121841430664},"rotation":{"x":-0.054136455059051517,"y":0.7092220783233643,"z":-0.054790765047073367,"w":-0.7007647752761841},"size":159.8286895751953,"orthographic":false}