{"cameraMode":{"drawMode":0,"name":"Shaded","section":"Shading Mode"},"sceneLighting":false,"audioPlay":false,"sceneViewState":{"showFog":true,"showMaterialUpdate":false,"showSkybox":true,"showFlares":true,"showImageEffects":true,"showParticleSystems":true},"in2DMode":false,"pivot":{"x":-176.4612579345703,"y":-29.217891693115236,"z":1.877626657485962},"rotation":{"x":0.061947502195835116,"y":-0.7010158896446228,"z":0.06135343015193939,"w":0.7077958583831787},"size":184.1410369873047,"orthographic":false}