{"cameraMode":{"drawMode":0,"name":"Shaded","section":"Shading Mode"},"sceneLighting":false,"audioPlay":false,"sceneViewState":{"showFog":true,"showMaterialUpdate":false,"showSkybox":true,"showFlares":true,"showImageEffects":true,"showParticleSystems":true},"in2DMode":false,"pivot":{"x":11.268150329589844,"y":-0.7504507303237915,"z":3.4998598098754885},"rotation":{"x":-0.06852846592664719,"y":-0.686844527721405,"z":0.06531670689582825,"w":-0.7206124067306519},"size":11.4066743850708,"orthographic":false}