{"cameraMode":{"drawMode":0,"name":"Shaded","section":"Shading Mode"},"sceneLighting":false,"audioPlay":false,"sceneViewState":{"showFog":true,"showMaterialUpdate":false,"showSkybox":true,"showFlares":true,"showImageEffects":true,"showParticleSystems":true},"in2DMode":false,"pivot":{"x":151.17617797851563,"y":0.7089095115661621,"z":-30.66579818725586},"rotation":{"x":-0.004887910559773445,"y":-0.7793650031089783,"z":0.00607961555942893,"w":-0.6265215873718262},"size":147.25267028808595,"orthographic":false}